{
  "params": {
    "lowerLatitude": 40.66349542076588,
    "lowerLongitude": -73.95505602534612,
    "upperLatitude": 40.78760355970816,
    "upperLongitude": -73.77961811740082,
    "fullResponse": true,
    "limit": 20
  }
}
